RowId,Result
1,High
2,High
3,None
4,High
5,None
6,High
7,None
8,Medium
9,None
10,None
11,None
12,None
13,Medium
14,None
15,None
16,None
17,Medium
18,High
19,None
20,Medium
21,None
22,None
23,None
24,None
25,None
26,High
27,None
28,None
29,None
30,High
31,None
32,High
33,None
34,High
35,None
36,None
37,None
38,None
39,None
40,High
41,None
42,High
43,None
44,None
45,High
46,None
47,None
48,None
49,None
50,None
51,None
52,None
53,High
54,None
55,None
56,None
57,None
58,Very High
59,None
60,None
61,Medium
62,None
63,Medium
64,Medium
65,None
66,None
67,None
68,High
69,None
70,High
71,None
72,None
73,High
74,High
75,High
76,None
77,None
78,None
79,None
80,None
81,None
82,None
83,None
84,None
85,None
86,None
87,None
88,Medium
89,None
90,Medium
91,None
92,High
93,None
94,None
95,None
96,Medium
97,Medium
98,None
99,None
100,None
101,None
102,Medium
103,Medium
104,None
105,None
106,None
107,None
108,Medium
109,None
110,None
111,None
112,Medium
113,None
114,None
115,High
116,None
117,None
118,None
119,None
120,None
121,High
122,None
123,None
124,None
125,None
126,High
127,High
128,None
129,None
130,None
131,None
132,High
133,None
134,None
135,None
136,Medium
137,None
138,Medium
139,None
140,None
141,None
142,None
143,None
144,None
145,None
146,None
147,None
148,None
149,None
150,None
151,None
152,None
153,None
154,None
155,None
156,None
157,None
158,None
159,Medium
160,None
161,None
162,Medium
163,None
164,None
165,None
166,None
167,None
168,None
169,Medium
170,None
171,Medium
172,None
173,None
174,High
175,None
176,None
177,None
178,None
179,None
180,Medium
181,None
182,None
183,None
184,None
185,High
186,None
187,None
188,Medium
189,None
190,High
191,None
192,None
193,None
194,High
195,None
196,None
197,Medium
198,None
199,None
200,High
201,None
202,Medium
203,None
204,None
205,Very High
206,High
207,None
208,None
209,Medium
210,None
211,None
212,None
213,High
214,High
215,None
216,None
217,None
218,None
219,None
220,High
221,None
222,Very High
223,None
224,None
225,High
226,None
227,None
228,High
229,None
230,None
231,High
232,None
233,None
234,None
235,None
236,None
237,Medium
238,None
239,Medium
240,None
241,None
242,High
243,Very High
244,Very High
245,None
246,None
247,None
248,None
249,None
250,None
251,None
252,Medium
253,None
254,High
255,None
256,None
257,Medium
258,None
259,None
260,None
261,None
262,None
263,None
264,None
265,Medium
266,None
267,None
268,None
269,High
270,None
271,Medium
272,None
273,High
274,None
275,None
276,None
277,None
278,None
279,None
280,Very High
281,None
282,None
283,None
284,None
285,None
286,None
287,None
288,None
289,None
290,None
291,None
292,High
293,None
294,High
295,None
296,None
297,None
298,None
299,None
300,High
301,None
302,None
303,None
304,High
305,None
306,None
307,High
308,None
309,None
310,None
311,None
312,None
313,Medium
314,None
315,None
316,None
317,Medium
318,None
319,None
320,None
321,None
322,None
323,Medium
324,None
325,None
326,None
327,None
328,None
329,None
330,None
331,None
332,Medium
333,Very High
334,None
335,None
336,None
337,High
338,None
339,None
340,None
341,High
342,High
343,None
344,Medium
345,None
346,None
347,None
348,None
349,None
350,None
351,None
352,None
353,None
354,None
355,Very High
356,None
357,Medium
358,None
359,None
360,None
361,Very High
362,None
363,High
364,None
365,None
366,None
367,None
368,High
369,None
370,None
371,High
372,None
373,None
374,None
375,None
376,None
377,None
378,None
379,None
380,None
381,None
382,High
383,None
384,Medium
385,High
386,None
387,High
388,High
389,Medium
390,Medium
391,None
392,Medium
393,None
394,High
395,None
396,Medium
397,Medium
398,Medium
399,None
400,None
401,None
402,High
403,None
404,None
405,None
406,Medium
407,None
408,High
409,None
410,Medium
411,None
412,None
413,None
414,None
415,None
416,High
417,None
418,None
419,None
420,None
421,None
422,None
423,None
424,Medium
425,None
426,None
427,Medium
428,High
429,High
430,None
431,None
432,None
433,None
434,None
435,None
436,Medium
437,None
438,None
439,None
440,None
441,None
442,None
443,High
444,None
445,Medium
446,None
447,Medium
448,None
449,None
450,None
451,Very High
452,None
453,None
454,None
455,None
456,None
457,None
458,None
459,Medium
460,None
461,None
462,Medium
463,None
464,None
465,High
466,None
467,Medium
468,None
469,Medium
470,None
471,High
472,None
473,None
474,None
475,None
476,None
477,None
478,None
479,None
480,High
481,None
482,High
483,None
484,None
485,None
486,None
487,Very High
488,None
489,None
490,Medium
491,None
492,None
493,None
494,High
495,None
496,Medium
497,None
498,High
499,None
500,Medium
501,Medium
502,High
503,None
504,Medium
505,None
506,None
507,None
508,None
509,High
510,None
511,None
512,Very High
513,High
514,None
515,None
516,High
517,None
518,None
519,Medium
520,None
521,None
522,None
523,None
524,Very High
525,Medium
526,None
527,None
528,None
529,None
530,None
531,None
532,High
533,None
534,None
535,None
536,None
537,None
538,None
539,None
540,Medium
541,High
542,None
543,None
544,None
545,None
546,None
547,None
548,None
549,None
550,None
551,None
552,Medium
553,None
554,None
555,None
556,None
557,None
558,None
559,None
560,None
561,None
562,Very High
563,None
564,High
565,None
566,None
567,None
568,None
569,High
570,None
571,None
572,Medium
573,Medium
574,None
575,Medium
576,None
577,None
578,High
579,None
580,None
581,None
582,None
583,None
584,Medium
585,High
586,None
587,Medium
588,None
589,None
590,None
591,None
592,High
593,None
594,High
595,None
596,High
597,None
598,None
599,None
600,High
601,None
602,None
603,None
604,None
605,None
606,None
607,None
608,Very High
609,None
610,None
611,Medium
612,None
613,None
614,None
615,Medium
616,Very High
617,None
618,None
619,None
620,None
621,High
622,None
623,None
624,None
625,None
626,High
627,None
628,None
629,None
630,None
631,None
632,None
633,None
634,None
635,High
636,High
637,None
638,None
639,None
640,Medium
641,High
642,None
643,None
644,None
645,None
646,Very High
647,None
648,None
649,High
650,None
651,High
652,None
653,None
654,None
655,None
656,Medium
657,None
658,High
659,None
660,None
661,High
662,Medium
663,None
664,None
665,None
666,Very High
667,None
668,None
669,High
670,Medium
671,High
672,High
673,None
674,None
675,Medium
676,None
677,High
678,None
679,Medium
680,None
681,None
682,Very High
683,High
684,None
685,None
686,Medium
687,None
688,Medium
689,None
690,None
691,None
692,High
693,High
694,High
695,Medium
696,None
697,Medium
698,None
699,None
700,High
701,None
702,None
703,None
704,None
705,None
706,None
707,None
708,None
709,Medium
710,High
711,None
712,High
713,High
714,None
715,Medium
716,None
717,None
718,None
719,None
720,High
721,None
722,None
723,Medium
724,None
725,None
726,None
727,None
728,None
729,None
730,None
731,Medium
732,None
733,Medium
734,None
735,Medium
736,High
737,None
738,High
739,None
740,Medium
741,None
742,High
743,None
744,High
745,None
746,None
747,None
748,High
749,None
750,None
751,Medium
752,None
753,None
754,None
755,None
756,None
757,None
758,None
759,None
760,None
761,Medium
762,None
763,Medium
764,None
765,Very High
766,None
767,None
768,None
769,None
770,Medium
771,None
772,None
773,High
774,None
775,None
776,None
777,High
778,None
779,Medium
780,None
781,None
782,None
783,High
784,None
785,None
786,None
787,None
788,None
789,Medium
790,Medium
791,None
792,None
793,None
794,None
795,None
796,High
797,None
798,High
799,None
800,None
801,High
802,None
803,Medium
804,None
805,None
806,None
807,None
808,None
809,None
810,High
811,High
812,None
813,None
814,High
815,None
816,Very High
817,None
818,High
819,None
820,Medium
821,None
822,Very High
823,None
824,None
825,None
826,None
827,None
828,None
829,None
830,High
831,High
832,None
833,None
834,None
835,None
836,None
837,None
838,Medium
839,None
840,None
841,None
842,Medium
843,None
844,None
845,None
846,High
847,None
848,None
849,High
850,None
851,None
852,None
853,None
854,None
855,None
856,Medium
857,High
858,None
859,High
860,None
861,None
862,Medium
863,None
864,Medium
865,None
866,None
867,None
868,None
869,None
870,None
871,High
872,None
873,Medium
874,None
875,None
876,None
877,None
878,None
879,None
880,None
881,None
882,None
883,None
884,None
885,None
886,None
887,None
888,None
889,None
890,None
891,None
892,Medium
893,Medium
894,High
895,None
896,None
897,None
898,None
899,None
900,None
901,High
902,None
903,Very High
904,None
905,None
906,None
907,None
908,Medium
909,Medium
910,None
911,High
912,None
913,High
914,None
915,None
916,None
917,Very High
918,High
919,None
920,None
921,None
922,None
923,None
924,None
925,High
926,None
927,High
928,None
929,None
930,None
931,High
932,None
933,None
934,None
935,High
936,Medium
937,High
938,None
939,None
940,Medium
941,None
942,Medium
943,None
944,Medium
945,High
946,High
947,None
948,None
949,Medium
950,Medium
951,None
952,None
953,None
954,Medium
955,None
956,None
957,Medium
958,None
959,None
960,None
961,None
962,None
963,None
964,None
965,High
966,None
967,None
968,Medium
969,Medium
970,None
971,None
972,None
973,None
974,None
975,None
976,None
977,None
978,High
979,None
980,None
981,None
982,Medium
983,None
984,High
985,None
986,Medium
987,None
988,None
989,None
990,High
991,None
992,None
993,None
994,None
995,None
996,None
997,High
998,None
999,None
1000,None
1001,None
1002,None
1003,None
1004,None
1005,None
1006,None
1007,None
1008,Medium
1009,None
1010,None
1011,High
1012,High
1013,None
1014,High
1015,None
1016,Very High
1017,Medium
1018,None
1019,None
1020,None
1021,None
1022,Medium
1023,None
1024,None
1025,None
1026,None
1027,None
1028,High
1029,None
1030,None
1031,None
1032,High
1033,Medium
1034,None
1035,None
1036,Medium
1037,None
1038,None
1039,None
1040,None
1041,None
1042,None
1043,None
1044,None
1045,None
1046,None
1047,None
1048,None
1049,None
1050,High
1051,None
1052,None
1053,None
1054,High
1055,High
1056,None
1057,None
1058,None
1059,None
1060,High
1061,None
1062,None
1063,None
1064,Medium
1065,None
1066,Very High
1067,Medium
1068,None
1069,High
1070,None
1071,None
1072,None
1073,Medium
1074,None
1075,High
1076,None
1077,None
1078,High
1079,None
1080,High
1081,None
1082,None
1083,None
1084,High
1085,Medium
1086,None
1087,None
1088,None
1089,None
1090,None
1091,None
1092,None
1093,None
1094,None
1095,High
1096,None
1097,None
1098,None
1099,High
1100,Medium
1101,None
1102,None
1103,None
1104,None
1105,None
1106,None
1107,None
1108,None
1109,None
1110,Medium
1111,Very High
1112,None
1113,None
1114,None
1115,Medium
1116,None
1117,None
1118,None
1119,None
1120,High
1121,None
1122,High
1123,High
1124,Medium
1125,None
1126,None
1127,High
1128,High
1129,None
1130,None
1131,None
1132,None
1133,None
1134,None
1135,High
1136,High
1137,High
1138,None
1139,None
1140,None
1141,None
1142,High
1143,None
1144,Medium
1145,None
1146,None
1147,None
1148,None
1149,None
1150,None
1151,None
1152,None
1153,None
1154,None
1155,Medium
1156,None
1157,Medium
1158,None
1159,None
1160,None
1161,None
1162,None
1163,None
1164,None
1165,None
1166,None
1167,None
1168,High
1169,None
1170,None
1171,None
1172,None
1173,None
1174,None
1175,None
1176,None
1177,None
1178,Medium
1179,None
1180,None
1181,None
1182,Very High
1183,None
1184,None
1185,High
1186,None
1187,None
1188,Very High
1189,None
1190,High
1191,None
1192,None
1193,None
1194,None
1195,Medium
1196,None
1197,None
1198,None
1199,High
1200,None
1201,None
1202,None
1203,None
1204,None
1205,None
1206,None
1207,High
1208,Medium
1209,None
1210,Medium
1211,None
1212,Medium
1213,None
1214,High
1215,Medium
1216,None
1217,High
1218,None
1219,High
1220,High
1221,High
1222,None
1223,None
1224,High
1225,High
1226,None
1227,None
1228,None
1229,None
1230,Medium
1231,None
1232,High
1233,None
1234,None
1235,None
1236,None
1237,High
1238,None
1239,None
1240,None
1241,None
1242,None
1243,None
1244,None
1245,High
1246,Medium
1247,High
1248,None
1249,None
1250,None
1251,None
1252,None
1253,Medium
1254,None
1255,None
1256,None
1257,None
1258,None
1259,None
1260,None
1261,Medium
1262,None
1263,None
1264,None
1265,High
1266,None
1267,None
1268,High
1269,Medium
1270,None
1271,None
1272,None
1273,None
1274,None
1275,None
1276,Medium
1277,None
1278,None
1279,None
1280,Very High
1281,None
1282,None
1283,None
1284,High
1285,None
1286,High
1287,None
1288,None
1289,None
1290,None
1291,Medium
1292,Medium
1293,None
1294,Very High
1295,High
1296,None
1297,None
1298,High
1299,None
1300,None
1301,None
1302,None
1303,None
1304,None
1305,Medium
1306,None
1307,Medium
1308,None
1309,None
1310,None
1311,Very High
1312,None
1313,Medium
1314,High
1315,None
1316,High
1317,High
1318,None
1319,None
1320,High
1321,Medium
1322,None
1323,None
1324,High
1325,High
1326,None
1327,Medium
1328,None
1329,High
1330,None
1331,None
1332,Very High
1333,None
1334,None
1335,High
1336,Very High
1337,None
1338,None
1339,None
1340,High
1341,None
1342,None
1343,None
1344,None
1345,None
1346,None
1347,None
1348,None
1349,High
1350,None
1351,None
1352,High
1353,None
1354,None
1355,None
1356,High
1357,Medium
1358,None
1359,None
1360,None
1361,None
1362,None
1363,Medium
1364,None
1365,High
1366,None
1367,None
1368,None
1369,None
1370,None
1371,None
1372,High
1373,None
1374,None
1375,None
1376,None
1377,None
1378,None
1379,High
1380,None
1381,High
1382,None
1383,None
1384,None
1385,None
1386,High
1387,None
1388,None
1389,None
1390,None
1391,None
1392,Very High
1393,None
1394,None
1395,None
1396,None
1397,None
1398,None
1399,None
1400,None
1401,None
1402,None
1403,Medium
1404,Medium
1405,None
1406,None
1407,None
1408,Very High
1409,None
1410,High
1411,None
1412,Medium
1413,High
1414,None
1415,None
1416,None
1417,None
1418,None
1419,None
1420,None
1421,None
1422,None
1423,High
1424,Medium
1425,None
1426,None
1427,None
1428,None
1429,None
1430,High
1431,None
1432,None
1433,None
1434,None
1435,High
1436,None
1437,None
1438,None
1439,None
1440,Medium
1441,None
1442,Medium
1443,None
1444,High
1445,High
1446,None
1447,None
1448,None
1449,Medium
1450,None
1451,Medium
1452,High
1453,None
1454,None
1455,None
1456,None
1457,None
1458,None
1459,None
1460,None
1461,None
1462,None
1463,None
1464,None
1465,None
1466,None
1467,Very High
1468,None
1469,None
1470,Medium
1471,None
1472,None
1473,None
1474,None
1475,None
1476,None
1477,None
1478,None
1479,None
1480,None
1481,None
1482,None
1483,None
1484,None
1485,High
1486,None
1487,None
1488,None
1489,Very High
1490,None
1491,None
1492,None
1493,None
1494,High
1495,None
1496,None
1497,High
1498,Medium
1499,None
1500,None
1501,None
1502,None
1503,None
1504,None
1505,None
1506,None
1507,Medium
1508,High
1509,None
1510,None
1511,None
1512,Medium
1513,High
1514,None
1515,None
1516,High
1517,None
1518,High
1519,None
1520,None
1521,None
1522,Medium
1523,High
1524,None
1525,Medium
1526,None
1527,High
1528,None
1529,High
1530,None
1531,High
1532,None
1533,None
1534,None
1535,None
1536,None
1537,None
1538,High
1539,None
1540,Medium
1541,None
1542,None
1543,None
1544,None
1545,Medium
1546,None
1547,None
1548,None
1549,Very High
1550,None
1551,Medium
1552,Medium
1553,None
1554,None
1555,High
1556,None
1557,Medium
1558,High
1559,None
1560,None
1561,None
1562,None
1563,None
1564,None
1565,None
1566,None
1567,None
1568,High
1569,High
1570,None
1571,None
1572,None
1573,None
1574,None
1575,None
1576,None
1577,None
1578,None
1579,None
1580,None
1581,None
1582,None
1583,Medium
1584,None
1585,None
1586,None
1587,None
1588,High
1589,Medium
1590,None
1591,None
1592,None
1593,Medium
1594,High
1595,None
1596,Medium
1597,None
1598,None
1599,None
1600,None
1601,None
1602,Very High
1603,None
1604,None
1605,High
1606,None
1607,Medium
1608,None
1609,Medium
1610,Medium
1611,None
1612,None
1613,None
1614,None
1615,None
1616,High
1617,Medium
1618,Very High
1619,None
1620,Very High
1621,None
1622,None
1623,High
1624,None
1625,High
1626,None
1627,None
1628,Medium
1629,High
1630,Medium
1631,Very High
1632,Very High
1633,None
1634,None
1635,High
1636,High
1637,None
1638,Medium
1639,Medium
1640,None
1641,None
1642,High
1643,None
1644,None
1645,High
1646,Medium
1647,None
1648,None
1649,Medium
1650,None
1651,None
1652,None
1653,Medium
1654,None
1655,None
1656,Very High
1657,None
1658,None
1659,None
1660,None
1661,High
1662,None
1663,None
1664,Medium
1665,Medium
1666,Medium
1667,None
1668,High
1669,Very High
1670,None
1671,Medium
1672,None
1673,None
1674,High
1675,None
1676,None
1677,None
1678,None
1679,None
1680,None
1681,High
1682,Medium
1683,None
1684,High
1685,None
1686,None
1687,High
1688,None
1689,None
1690,None
1691,High
1692,High
1693,None
1694,High
1695,None
1696,None
1697,None
1698,High
1699,None
1700,None
1701,Medium
1702,None
1703,None
1704,None
1705,None
1706,None
1707,None
1708,None
1709,High
1710,High
1711,None
1712,None
1713,High
1714,High
1715,None
1716,None
1717,None
1718,None
1719,None
1720,None
1721,Medium
1722,None
1723,None
1724,None
1725,None
1726,None
1727,None
1728,None
1729,None
1730,None
1731,None
1732,None
1733,None
1734,Very High
1735,None
1736,Medium
1737,Medium
1738,None
1739,Medium
1740,None
1741,Medium
1742,Medium
1743,None
1744,None
1745,Medium
1746,None
1747,None
1748,None
1749,Medium
1750,None
1751,Medium
1752,None
1753,None
1754,Medium
1755,None
1756,None
1757,Medium
1758,None
1759,None
1760,None
1761,Very High
1762,None
1763,Medium
1764,High
1765,Medium
1766,High
1767,None
1768,Very High
1769,None
1770,None
1771,None
1772,None
1773,Very High
1774,None
1775,Very High
1776,None
1777,None
1778,High
1779,None
1780,None
1781,High
1782,Medium
1783,None
1784,None
1785,None
1786,None
1787,Very High
1788,High
1789,None
1790,High
1791,Very High
1792,Medium
1793,None
1794,None
1795,None
1796,None
1797,None
1798,None
1799,None
1800,None
1801,None
1802,None
1803,Medium
1804,High
1805,None
1806,None
1807,None
1808,None
1809,Medium
1810,High
1811,None
1812,None
1813,None
1814,None
1815,None
1816,None
1817,None
1818,None
1819,None
1820,None
1821,None
1822,None
1823,Medium
1824,None
1825,None
1826,None
1827,None
1828,None
1829,Very High
1830,None
1831,None
1832,None
1833,High
1834,None
1835,None
1836,High
1837,None
1838,None
1839,None
1840,None
1841,Medium
1842,None
1843,High
1844,None
1845,None
1846,None
1847,None
1848,None
1849,None
1850,None
1851,None
1852,None
1853,None
1854,None
1855,High
1856,None
1857,None
1858,High
1859,None
1860,Medium
1861,Medium
1862,Medium
1863,None
1864,Medium
1865,None
1866,None
1867,None
1868,None
1869,None
1870,Very High
1871,None
1872,None
1873,None
1874,None
1875,Medium
1876,None
1877,Medium
1878,High
1879,None
1880,None
1881,None
1882,None
1883,None
1884,None
1885,None
1886,None
1887,Medium
1888,None
1889,None
1890,None
1891,None
1892,None
1893,High
1894,Medium
1895,High
1896,None
1897,None
1898,None
1899,None
1900,None
1901,High
1902,Very High
1903,None
1904,None
1905,None
1906,None
1907,Very High
1908,None
1909,None
1910,None
1911,None
1912,None
1913,None
1914,None
1915,None
1916,High
1917,None
1918,None
1919,None
1920,High
1921,None
1922,None
1923,None
1924,None
1925,None
1926,None
1927,None
1928,None
1929,None
1930,Medium
1931,Medium
1932,None
1933,High
1934,None
1935,None
1936,None
1937,None
1938,None
1939,None
1940,None
1941,High
1942,None
1943,None
1944,None
1945,None
1946,None
1947,None
1948,None
1949,None
1950,None
1951,Medium
1952,None
1953,None
1954,Medium
1955,None
1956,None
1957,None
1958,High
1959,None
1960,High
1961,None
1962,None
1963,None
1964,None
1965,None
1966,Very High
1967,None
1968,None
1969,None
1970,None
1971,None
1972,None
1973,None
1974,None
1975,None
1976,High
1977,Medium
1978,None
1979,None
1980,Medium
1981,Medium
1982,Medium
1983,None
1984,None
1985,Very High
1986,None
1987,None
1988,None
1989,Very High
1990,None
1991,None
1992,High
1993,None
1994,None
1995,None
1996,Medium
1997,None
1998,None
1999,Medium
2000,None
2001,None
2002,None
2003,None
2004,None
2005,None
2006,None
2007,Very High
2008,High
2009,None
2010,None
2011,None
2012,None
2013,None
2014,None
2015,None
2016,None
2017,None
2018,None
2019,Medium
2020,Medium
2021,None
2022,Medium
2023,Very High
2024,High
2025,None
2026,None
2027,None
2028,High
2029,High
2030,None
2031,None
2032,High
2033,None
2034,None
2035,None
2036,None
2037,None
2038,None
2039,Very High
2040,None
2041,None
2042,None
2043,None
2044,None
2045,None
2046,None
2047,None
2048,Medium
2049,Medium
2050,High
2051,Medium
2052,Medium
2053,None
2054,None
2055,High
2056,None
2057,None
2058,None
2059,None
2060,High
2061,High
2062,None
2063,None
2064,None
2065,High
2066,None
2067,None
2068,None
2069,None
2070,None
2071,None
2072,None
2073,None
2074,None
2075,None
2076,None
2077,None
2078,Medium
2079,Medium
2080,None
2081,None
2082,None
2083,None
2084,High
2085,None
2086,High
2087,None
2088,None
2089,None
2090,None
2091,None
2092,Medium
2093,None
2094,None
2095,None
2096,None
2097,Medium
2098,Medium
2099,None
2100,None
2101,High
2102,Medium
2103,None
2104,None
2105,None
2106,None
2107,None
2108,None
2109,Medium
2110,None
2111,None
2112,Medium
2113,High
2114,None
2115,Medium
2116,None
2117,None
2118,None
2119,None
2120,None
2121,None
2122,None
2123,None
2124,Very High
2125,None
2126,None
2127,None
2128,None
2129,None
2130,None
2131,None
2132,None
2133,High
2134,None
2135,High
2136,None
2137,None
2138,None
2139,None
2140,None
2141,Very High
2142,High
2143,Very High
2144,None
2145,Medium
2146,None
2147,None
2148,High
2149,None
2150,None
2151,High
2152,None
2153,None
2154,None
2155,Medium
2156,Medium
2157,None
2158,Medium
2159,None
2160,None
2161,High
2162,None
2163,None
2164,Medium
2165,None
2166,None
2167,Very High
2168,None
2169,None
2170,None
2171,None
2172,None
2173,None
2174,None
2175,Medium
2176,High
2177,High
2178,None
2179,None
2180,None
2181,None
2182,None
2183,None
2184,None
2185,None
2186,Medium
2187,Medium
2188,None
2189,None
2190,None
2191,None
2192,Medium
2193,None
2194,None
2195,None
2196,High
2197,None
2198,None
2199,None
2200,High
2201,None
2202,None
2203,Very High
2204,None
2205,None
2206,Very High
2207,None
2208,None
2209,None
2210,None
2211,None
2212,None
2213,None
2214,None
2215,None
2216,High
2217,High
2218,High
2219,High
2220,None
2221,None
2222,None
2223,None
2224,None
2225,None
2226,None
2227,None
2228,Medium
2229,High
2230,None
2231,Medium
2232,None
2233,None
2234,None
2235,None
2236,None
2237,High
2238,None
2239,None
2240,None
2241,None
2242,None
2243,None
2244,None
2245,None
2246,Medium
2247,None
2248,None
2249,None
2250,None
2251,None
2252,None
2253,None
2254,High
2255,None
2256,None
2257,Medium
2258,High
2259,None
2260,None
2261,None
2262,None
2263,None
2264,Medium
2265,High
2266,None
2267,None
2268,None
2269,Very High
2270,None
2271,None
2272,None
2273,Medium
2274,High
2275,Medium
2276,None
2277,None
2278,None
2279,High
2280,None
2281,None
2282,High
2283,Medium
2284,None
2285,None
2286,High
2287,None
2288,High
2289,None
2290,None
2291,None
2292,None
2293,High
2294,High
2295,None
2296,None
2297,None
2298,High
2299,Medium
2300,None
2301,None
2302,None
2303,None
2304,None
2305,None
2306,None
2307,Medium
2308,None
2309,None
2310,None
2311,None
2312,None
2313,None
2314,None
2315,High
2316,High
2317,None
2318,High
2319,High
2320,None
2321,None
2322,None
2323,None
2324,None
2325,None
2326,High
2327,None
2328,None
2329,High
2330,None
2331,None
2332,None
2333,None
2334,High
2335,Medium
2336,Medium
2337,None
2338,None
2339,Medium
2340,None
2341,Medium
2342,None
2343,None
2344,Medium
2345,Medium
2346,High
2347,None
2348,None
2349,None
2350,None
2351,Medium
2352,None
2353,High
2354,Medium
2355,None
2356,None
2357,Medium
2358,None
2359,None
2360,Medium
2361,None
2362,High
2363,High
2364,None
2365,None
2366,None
2367,None
2368,None
2369,High
2370,None
2371,High
2372,None
2373,None
2374,High
2375,None
2376,None
2377,High
2378,Very High
2379,None
2380,None
2381,None
2382,None
2383,Medium
2384,None
2385,Medium
2386,None
2387,High
2388,None
2389,None
2390,Medium
2391,Medium
2392,None
2393,None
2394,High
2395,Medium
2396,None
2397,None
2398,None
2399,None
2400,None
2401,None
2402,None
2403,None
2404,Medium
2405,None
2406,None
2407,None
2408,None
2409,None
2410,None
2411,None
2412,High
2413,None
2414,None
2415,None
2416,High
2417,None
2418,None
2419,None
2420,None
2421,Medium
2422,High
2423,High
2424,None
2425,None
2426,Medium
2427,None
2428,None
2429,High
2430,None
2431,None
2432,None
2433,High
2434,High
2435,None
2436,None
2437,None
2438,None
2439,High
2440,Very High
2441,None
2442,None
2443,None
2444,Medium
2445,None
2446,High
2447,High
2448,None
2449,High
2450,None
2451,None
2452,Medium
2453,High
2454,None
2455,None
2456,None
2457,None
2458,Very High
2459,High
2460,None
2461,None
2462,None
2463,None
2464,None
2465,None
2466,Very High
2467,None
2468,None
2469,None
2470,None
2471,Medium
2472,None
2473,Medium
2474,None
2475,None
2476,None
2477,None
2478,None
2479,None
2480,None
2481,None
2482,None
2483,None
2484,Medium
2485,None
2486,None
2487,None
2488,None
2489,None
2490,None
2491,None
2492,Medium
2493,None
2494,None
2495,Medium
2496,Medium
2497,None
2498,Medium
2499,High
2500,High
2501,None
2502,None
2503,High
2504,None
2505,None
2506,Medium
2507,None
2508,High
2509,Medium
2510,None
2511,None
2512,High
2513,High
2514,None
2515,High
2516,None
2517,None
2518,None
2519,None
2520,None
2521,None
2522,None
2523,None
2524,Medium
2525,None
2526,None
2527,None
2528,None
2529,None
2530,None
2531,None
2532,High
2533,None
2534,Medium
2535,None
2536,None
2537,None
2538,None
2539,None
2540,Very High
2541,High
2542,Medium
2543,None
2544,None
2545,None
2546,None
2547,None
2548,Very High
2549,None
2550,Medium
2551,None
2552,None
2553,Medium
2554,None
2555,None
2556,None
2557,None
2558,None
2559,None
2560,High
2561,None
2562,Very High
2563,None
2564,High
2565,None
2566,None
2567,Very High
2568,None
2569,None
2570,High
2571,None
2572,Medium
2573,None
2574,High
2575,None
2576,None
2577,None
2578,None
2579,Very High
2580,None
2581,None
2582,None
2583,None
2584,High
2585,High
2586,None
2587,Medium
2588,None
2589,None
2590,None
2591,None
2592,None
2593,None
2594,Medium
2595,None
2596,Medium
2597,None
2598,None
2599,None
2600,High
2601,High
2602,None
2603,None
2604,Medium
2605,None
2606,None
2607,High
2608,None
2609,None
2610,None
2611,Medium
2612,None
2613,Medium
2614,None
2615,None
2616,None
2617,None
2618,Medium
2619,Medium
2620,Medium
2621,None
2622,None
2623,None
2624,None
2625,None
2626,None
2627,None
2628,None
2629,None
2630,None
2631,Very High
2632,Medium
2633,High
2634,None
2635,None
2636,None
2637,None
2638,None
2639,None
2640,None
2641,None
2642,None
2643,None
2644,Medium
2645,None
2646,None
2647,Medium
2648,None
2649,High
2650,None
2651,None
2652,None
2653,High
2654,None
2655,None
2656,High
2657,None
2658,None
2659,Medium
2660,None
2661,None
2662,None
2663,None
2664,High
2665,High
2666,None
2667,None
2668,None
2669,None
2670,None
2671,None
2672,None
2673,High
2674,None
2675,None
2676,None
2677,None
2678,Medium
2679,None
2680,None
2681,Medium
2682,None
2683,None
2684,High
2685,None
2686,None
2687,None
2688,High
2689,None
2690,None
2691,None
2692,Medium
2693,None
2694,None
2695,None
2696,Medium
2697,None
2698,Medium
2699,None
2700,High
2701,None
2702,Very High
2703,None
2704,None
2705,None
2706,None
2707,Medium
2708,High
2709,None
2710,High
2711,None
2712,None
2713,None
2714,Medium
2715,None
2716,Medium
2717,None
2718,None
2719,High
2720,None
2721,None
2722,None
2723,None
2724,None
2725,Medium
2726,None
2727,None
2728,None
2729,None
2730,None
2731,None
2732,None
2733,None
2734,None
2735,None
2736,None
2737,None
2738,None
2739,None
2740,None
2741,None
2742,None
2743,Very High
2744,None
2745,None
2746,None
2747,None
2748,None
2749,Very High
2750,None
2751,None
2752,None
2753,None
2754,None
